<?xml version="1.0" encoding="UTF-8"?>

<beans xmlns="http://www.springframework.org/schema/beans"
	xmlns:context="http://www.springframework.org/schema/context" 
	xmlns:p="http://www.springframework.org/schema/p"
	xmlns:xsi="http://www.w3.org/2001/XMLSchema-instance"
	xsi:schemaLocation="http://www.springframework.org/schema/beans
       http://www.springframework.org/schema/beans/spring-beans-3.0.xsd
       http://www.springframework.org/schema/context
       http://www.springframework.org/schema/context/spring-context-3.0.xsd">

	<!--Controller-->
	
	<!-- book -->

	<bean id="bookListController" 
		class="com.testProject.book.controller.bookListController"
		p:pdService-ref="bookService"	></bean>
	
	
    <!-- service -->
    <bean id="bookService" class="com.testProject.book.model.bookService"
    	p:bookDao-ref="bookDAO"></bean>
    
    <!-- dao -->
    <bean id="bookDAO" class="com.testProject.book.model.bookDAO"
    	p:pool-ref="poolMgr"></bean>

	<!-- pool -->
	<bean id="poolMgr" class="com.testProject.db.ConnectionPoolMgr"></bean>
	
	
	<!-- HandlerMapping -->
     <!-- <bean id="handlerMapping" 
		class="org.springframework.web.servlet.handler.SimpleUrlHandlerMapping">
		<property name="mappings">
			<props>
				<prop key="/hello.do">helloController</prop>
			</props>
		</property>
     </bean> -->


	<!-- ViewResolver -->   
	<bean id="viewResolver"
		class="org.springframework.web.servlet.view.InternalResourceViewResolver">
		<property name="prefix" value="/WEB-INF/views/" />
		<property name="suffix" value=".jsp" />
		<property name="order" value="1" />
	</bean>
	
	<bean class="org.springframework.web.servlet.view.BeanNameViewResolver">
	     <property name="order" value="0" />
	</bean>
	
	<!-- MultipartResolver -->
	<bean id="multipartResolver"
		class="org.springframework.web.multipart.commons.CommonsMultipartResolver">
	</bean>
	
</beans>
